datetime,seat,variable,value
2022-01-27 15:46:29.482288,Banks (NSW),Coalition,1.40
2022-01-27 15:46:29.482288,Barton (NSW),Coalition,8.00
2022-01-27 15:46:29.482288,Bennelong (NSW),Coalition,1.20
2022-01-27 15:46:29.482288,Berowra (NSW),Coalition,1.01
2022-01-27 15:46:29.482288,Blaxland (NSW),Coalition,12.00
2022-01-27 15:46:29.482288,Bradfield (NSW),Coalition,1.01
2022-01-27 15:46:29.482288,Chifley (NSW),Coalition,14.00
2022-01-27 15:46:29.482288,Cook (NSW),Coalition,1.01
2022-01-27 15:46:29.482288,Cowper (NSW),Coalition,1.01
2022-01-27 15:46:29.482288,Cunningham (NSW),Coalition,14.00
2022-01-27 15:46:29.482288,Dobell (NSW),Coalition,2.00
2022-01-27 15:46:29.482288,Eden-Monaro (NSW),Coalition,4.00
2022-01-27 15:46:29.482288,Farrer (NSW),Coalition,1.01
2022-01-27 15:46:29.482288,Fowler (NSW),Coalition,10.00
2022-01-27 15:46:29.482288,Gilmore (NSW),Coalition,1.85
2022-01-27 15:46:29.482288,Grayndler (NSW),Coalition,18.00
2022-01-27 15:46:29.482288,Greenway (NSW),Coalition,5.50
2022-01-27 15:46:29.482288,Hughes (NSW),Coalition,1.15
2022-01-27 15:46:29.482288,Hume (NSW),Coalition,1.08
2022-01-27 15:46:29.482288,Hunter (NSW),Coalition,2.00
2022-01-27 15:46:29.482288,Kingsford Smith (NSW),Coalition,10.00
2022-01-27 15:46:29.482288,Lindsay (NSW),Coalition,1.77
2022-01-27 15:46:29.482288,Lyne (NSW),Coalition,1.01
2022-01-27 15:46:29.482288,Macarthur (NSW),Coalition,12.00
2022-01-27 15:46:29.482288,Mackellar (NSW),Coalition,1.07
2022-01-27 15:46:29.482288,Macquarie (NSW),Coalition,2.50
2022-01-27 15:46:29.482288,McMahon (NSW),Coalition,11.00
2022-01-27 15:46:29.482288,Mitchell (NSW),Coalition,1.01
2022-01-27 15:46:29.482288,New England (NSW),Coalition,1.01
2022-01-27 15:46:29.482288,Newcastle (NSW),Coalition,14.00
2022-01-27 15:46:29.482288,North Sydney (NSW),Coalition,1.25
2022-01-27 15:46:29.482288,Page (NSW),Coalition,1.03
2022-01-27 15:46:29.482288,Parkes (NSW),Coalition,1.01
2022-01-27 15:46:29.482288,Parramatta (NSW),Coalition,3.00
2022-01-27 15:46:29.482288,Paterson (NSW),Coalition,5.50
2022-01-27 15:46:29.482288,Reid (NSW),Coalition,1.93
2022-01-27 15:46:29.482288,Richmond (NSW),Coalition,7.00
2022-01-27 15:46:29.482288,Riverina (NSW),Coalition,1.01
2022-01-27 15:46:29.482288,Robertson (NSW),Coalition,1.75
2022-01-27 15:46:29.482288,Shortland (NSW),Coalition,5.00
2022-01-27 15:46:29.482288,Sydney (NSW),Coalition,13.00
2022-01-27 15:46:29.482288,Warringah (NSW),Coalition,3.20
2022-01-27 15:46:29.482288,Watson (NSW),Coalition,14.00
2022-01-27 15:46:29.482288,Wentworth (NSW),Coalition,1.40
2022-01-27 15:46:29.482288,Werriwa (NSW),Coalition,8.00
2022-01-27 15:46:29.482288,Whitlam (NSW),Coalition,14.00
2022-01-27 15:46:29.482288,Calare (NSW),Coalition,1.01
2022-01-27 15:46:29.482288,Aston (VIC),Coalition,1.07
2022-01-27 15:46:29.482288,Ballarat (VIC),Coalition,14.00
2022-01-27 15:46:29.482288,Bendigo (VIC),Coalition,11.00
2022-01-27 15:46:29.482288,Bruce (VIC),Coalition,11.00
2022-01-27 15:46:29.482288,Calwell (VIC),Coalition,14.00
2022-01-27 15:46:29.482288,Casey (VIC),Coalition,1.90
2022-01-27 15:46:29.482288,Chisholm (VIC),Coalition,3.15
2022-01-27 15:46:29.482288,Cooper (VIC),Coalition,21.00
2022-01-27 15:46:29.482288,Corangamite (VIC),Coalition,4.10
2022-01-27 15:46:29.482288,Corio (VIC),Coalition,14.00
2022-01-27 15:46:29.482288,Deakin (VIC),Coalition,1.85
2022-01-27 15:46:29.482288,Dunkley (VIC),Coalition,7.00
2022-01-27 15:46:29.482288,Flinders (VIC),Coalition,1.87
2022-01-27 15:46:29.482288,Fraser (VIC),Coalition,14.00
2022-01-27 15:46:29.482288,Gellibrand (VIC),Coalition,14.00
2022-01-27 15:46:29.482288,Gippsland (VIC),Coalition,1.01
2022-01-27 15:46:29.482288,Goldstein (VIC),Coalition,1.45
2022-01-27 15:46:29.482288,Gorton (VIC),Coalition,14.00
2022-01-27 15:46:29.482288,Hawke (VIC),Coalition,14.00
2022-01-27 15:46:29.482288,Higgins (VIC),Coalition,1.45
2022-01-27 15:46:29.482288,Holt (VIC),Coalition,12.00
2022-01-27 15:46:29.482288,Hotham (VIC),Coalition,14.00
2022-01-27 15:46:29.482288,Indi (VIC),Coalition,3.20
2022-01-27 15:46:29.482288,Isaacs (VIC),Coalition,12.00
2022-01-27 15:46:29.482288,Jagajaga (VIC),Coalition,12.00
2022-01-27 15:46:29.482288,Kooyong (VIC),Coalition,1.30
2022-01-27 15:46:29.482288,La Trobe (VIC),Coalition,1.77
2022-01-27 15:46:29.482288,Lalor (VIC),Coalition,14.00
2022-01-27 15:46:29.482288,Macnamara (VIC),Coalition,6.50
2022-01-27 15:46:29.482288,Mallee (VIC),Coalition,1.02
2022-01-27 15:46:29.482288,Maribyrnong (VIC),Coalition,14.00
2022-01-27 15:46:29.482288,McEwen (VIC),Coalition,12.00
2022-01-27 15:46:29.482288,Melbourne (VIC),Coalition,21.00
2022-01-27 15:46:29.482288,Menzies (VIC),Coalition,1.10
2022-01-27 15:46:29.482288,Monash (VIC),Coalition,1.10
2022-01-27 15:46:29.482288,Nicholls (VIC),Coalition,1.07
2022-01-27 15:46:29.482288,Scullin (VIC),Coalition,14.00
2022-01-27 15:46:29.482288,Wannon (VIC),Coalition,1.02
2022-01-27 15:46:29.482288,Wills (VIC),Coalition,21.00
2022-01-27 15:46:29.482288,Blair (QLD),Coalition,10.00
2022-01-27 15:46:29.482288,Bowman (QLD),Coalition,1.10
2022-01-27 15:46:29.482288,Bonner (QLD),Coalition,1.25
2022-01-27 15:46:29.482288,Brisbane (QLD),Coalition,1.40
2022-01-27 15:46:29.482288,Capriconia (QLD),Coalition,1.05
2022-01-27 15:46:29.482288,Dawson (QLD),Coalition,1.08
2022-01-27 15:46:29.482288,Dickson (QLD),Coalition,1.35
2022-01-27 15:46:29.482288,Fadden (QLD),Coalition,1.01
2022-01-27 15:46:29.482288,Fairfax (QLD),Coalition,1.01
2022-01-27 15:46:29.482288,Fisher (QLD),Coalition,1.01
2022-01-27 15:46:29.482288,Flynn (QLD),Coalition,1.87
2022-01-27 15:46:29.482288,Forde (QLD),Coalition,1.02
2022-01-27 15:46:29.482288,Griffith (QLD),Coalition,9.00
2022-01-27 15:46:29.482288,Groom (QLD),Coalition,1.01
2022-01-27 15:46:29.482288,Herbert (QLD),Coalition,1.10
2022-01-27 15:46:29.482288,Hinkler (QLD),Coalition,1.01
2022-01-27 15:46:29.482288,Kennedy (QLD),Coalition,14.00
2022-01-27 15:46:29.482288,Leichhardt (QLD),Coalition,1.50
2022-01-27 15:46:29.482288,Lilley (QLD),Coalition,4.00
2022-01-27 15:46:29.482288,Longman (QLD),Coalition,1.90
2022-01-27 15:46:29.482288,Maranoa (QLD),Coalition,1.01
2022-01-27 15:46:29.482288,McPherson (QLD),Coalition,1.01
2022-01-27 15:46:29.482288,Moncrieff (QLD),Coalition,1.01
2022-01-27 15:46:29.482288,Moreton (QLD),Coalition,9.00
2022-01-27 15:46:29.482288,Oxley (QLD),Coalition,9.00
2022-01-27 15:46:29.482288,Petrie (QLD),Coalition,1.04
2022-01-27 15:46:29.482288,Rankin (QLD),Coalition,10.00
2022-01-27 15:46:29.482288,Ryan (QLD),Coalition,1.05
2022-01-27 15:46:29.482288,Wide Bay (QLD),Coalition,1.01
2022-01-27 15:46:29.482288,Wright (QLD),Coalition,1.01
2022-01-27 15:46:29.482288,Brand (WA),Coalition,12.00
2022-01-27 15:46:29.482288,Burt (WA),Coalition,12.00
2022-01-27 15:46:29.482288,Canning (WA),Coalition,1.05
2022-01-27 15:46:29.482288,Cowan (WA),Coalition,6.50
2022-01-27 15:46:29.482288,Curtin (WA),Coalition,1.01
2022-01-27 15:46:29.482288,Durack (WA),Coalition,1.01
2022-01-27 15:46:29.482288,Forrest (WA),Coalition,1.01
2022-01-27 15:46:29.482288,Fremantle (WA),Coalition,9.00
2022-01-27 15:46:29.482288,Hasluck (WA),Coalition,1.58
2022-01-27 15:46:29.482288,Moore (WA),Coalition,1.01
2022-01-27 15:46:29.482288,O'Connor (WA),Coalition,1.01
2022-01-27 15:46:29.482288,Pearce (WA),Coalition,3.00
2022-01-27 15:46:29.482288,Perth (WA),Coalition,10.00
2022-01-27 15:46:29.482288,Swan (WA),Coalition,3.70
2022-01-27 15:46:29.482288,Adelaide (SA),Coalition,14.00
2022-01-27 15:46:29.482288,Barker (SA),Coalition,1.01
2022-01-27 15:46:29.482288,Boothby (SA),Coalition,1.95
2022-01-27 15:46:29.482288,Grey (SA),Coalition,1.02
2022-01-27 15:46:29.482288,Kingston (SA),Coalition,12.00
2022-01-27 15:46:29.482288,Makin (SA),Coalition,9.00
2022-01-27 15:46:29.482288,Mayo (SA),Coalition,5.00
2022-01-27 15:46:29.482288,Spence (SA),Coalition,14.00
2022-01-27 15:46:29.482288,Sturt (SA),Coalition,1.20
2022-01-27 15:46:29.482288,Hindmarsh (SA),Coalition,9.00
2022-01-27 15:46:29.482288,Bass (TAS),Coalition,2.00
2022-01-27 15:46:29.482288,Clark (TAS),Coalition,14.00
2022-01-27 15:46:29.482288,Lyons (TAS),Coalition,7.00
2022-01-27 15:46:29.482288,Franklin (TAS),Coalition,9.00
2022-01-27 15:46:29.482288,Braddon (TAS),Coalition,1.85
2022-01-27 15:46:29.482288,Fenner (ACT),Coalition,14.00
2022-01-27 15:46:29.482288,Bean (ACT),Coalition,11.00
2022-01-27 15:46:29.482288,Canberra (ACT),Coalition,14.00
2022-01-27 15:46:29.482288,Lingiari (NT),Coalition,6.00
2022-01-27 15:46:29.482288,Solomon (NT),Coalition,7.00
2022-01-27 15:46:29.482288,Banks (NSW),Labor,2.70
2022-01-27 15:46:29.482288,Barton (NSW),Labor,1.05
2022-01-27 15:46:29.482288,Bennelong (NSW),Labor,4.10
2022-01-27 15:46:29.482288,Berowra (NSW),Labor,14.00
2022-01-27 15:46:29.482288,Blaxland (NSW),Labor,1.02
2022-01-27 15:46:29.482288,Bradfield (NSW),Labor,14.00
2022-01-27 15:46:29.482288,Chifley (NSW),Labor,1.01
2022-01-27 15:46:29.482288,Cook (NSW),Labor,14.00
2022-01-27 15:46:29.482288,Cowper (NSW),Labor,14.00
2022-01-27 15:46:29.482288,Cunningham (NSW),Labor,1.01
2022-01-27 15:46:29.482288,Dobell (NSW),Labor,1.70
2022-01-27 15:46:29.482288,Eden-Monaro (NSW),Labor,1.20
2022-01-27 15:46:29.482288,Farrer (NSW),Labor,14.00
2022-01-27 15:46:29.482288,Fowler (NSW),Labor,1.08
2022-01-27 15:46:29.482288,Gilmore (NSW),Labor,1.87
2022-01-27 15:46:29.482288,Grayndler (NSW),Labor,1.01
2022-01-27 15:46:29.482288,Greenway (NSW),Labor,1.12
2022-01-27 15:46:29.482288,Hughes (NSW),Labor,12.00
2022-01-27 15:46:29.482288,Hume (NSW),Labor,21.00
2022-01-27 15:46:29.482288,Hunter (NSW),Labor,1.75
2022-01-27 15:46:29.482288,Kingsford Smith (NSW),Labor,1.03
2022-01-27 15:46:29.482288,Lindsay (NSW),Labor,1.95
2022-01-27 15:46:29.482288,Lyne (NSW),Labor,14.00
2022-01-27 15:46:29.482288,Macarthur (NSW),Labor,1.02
2022-01-27 15:46:29.482288,Mackellar (NSW),Labor,21.00
2022-01-27 15:46:29.482288,Macquarie (NSW),Labor,1.45
2022-01-27 15:46:29.482288,McMahon (NSW),Labor,1.03
2022-01-27 15:46:29.482288,Mitchell (NSW),Labor,14.00
2022-01-27 15:46:29.482288,New England (NSW),Labor,14.00
2022-01-27 15:46:29.482288,Newcastle (NSW),Labor,1.01
2022-01-27 15:46:29.482288,North Sydney (NSW),Labor,21.00
2022-01-27 15:46:29.482288,Page (NSW),Labor,10.00
2022-01-27 15:46:29.482288,Parkes (NSW),Labor,14.00
2022-01-27 15:46:29.482288,Parramatta (NSW),Labor,1.35
2022-01-27 15:46:29.482288,Paterson (NSW),Labor,1.12
2022-01-27 15:46:29.482288,Reid (NSW),Labor,1.80
2022-01-27 15:46:29.482288,Richmond (NSW),Labor,1.07
2022-01-27 15:46:29.482288,Riverina (NSW),Labor,14.00
2022-01-27 15:46:29.482288,Robertson (NSW),Labor,1.95
2022-01-27 15:46:29.482288,Shortland (NSW),Labor,1.15
2022-01-27 15:46:29.482288,Sydney (NSW),Labor,1.01
2022-01-27 15:46:29.482288,Warringah (NSW),Labor,21.00
2022-01-27 15:46:29.482288,Watson (NSW),Labor,1.01
2022-01-27 15:46:29.482288,Wentworth (NSW),Labor,15.00
2022-01-27 15:46:29.482288,Werriwa (NSW),Labor,1.05
2022-01-27 15:46:29.482288,Whitlam (NSW),Labor,1.01
2022-01-27 15:46:29.482288,Calare (NSW),Labor,14.00
2022-01-27 15:46:29.482288,Aston (VIC),Labor,7.00
2022-01-27 15:46:29.482288,Ballarat (VIC),Labor,1.01
2022-01-27 15:46:29.482288,Bendigo (VIC),Labor,1.02
2022-01-27 15:46:29.482288,Bruce (VIC),Labor,1.03
2022-01-27 15:46:29.482288,Calwell (VIC),Labor,1.01
2022-01-27 15:46:29.482288,Casey (VIC),Labor,1.85
2022-01-27 15:46:29.482288,Chisholm (VIC),Labor,1.30
2022-01-27 15:46:29.482288,Cooper (VIC),Labor,1.10
2022-01-27 15:46:29.482288,Corangamite (VIC),Labor,1.20
2022-01-27 15:46:29.482288,Corio (VIC),Labor,1.01
2022-01-27 15:46:29.482288,Deakin (VIC),Labor,1.87
2022-01-27 15:46:29.482288,Dunkley (VIC),Labor,1.07
2022-01-27 15:46:29.482288,Flinders (VIC),Labor,12.00
2022-01-27 15:46:29.482288,Fraser (VIC),Labor,1.01
2022-01-27 15:46:29.482288,Gellibrand (VIC),Labor,1.01
2022-01-27 15:46:29.482288,Gippsland (VIC),Labor,14.00
2022-01-27 15:46:29.482288,Goldstein (VIC),Labor,21.00
2022-01-27 15:46:29.482288,Gorton (VIC),Labor,1.01
2022-01-27 15:46:29.482288,Hawke (VIC),Labor,1.01
2022-01-27 15:46:29.482288,Higgins (VIC),Labor,7.50
2022-01-27 15:46:29.482288,Holt (VIC),Labor,1.02
2022-01-27 15:46:29.482288,Hotham (VIC),Labor,1.01
2022-01-27 15:46:29.482288,Indi (VIC),Labor,12.00
2022-01-27 15:46:29.482288,Isaacs (VIC),Labor,1.02
2022-01-27 15:46:29.482288,Jagajaga (VIC),Labor,1.02
2022-01-27 15:46:29.482288,Kooyong (VIC),Labor,12.00
2022-01-27 15:46:29.482288,La Trobe (VIC),Labor,1.95
2022-01-27 15:46:29.482288,Lalor (VIC),Labor,1.01
2022-01-27 15:46:29.482288,Macnamara (VIC),Labor,1.30
2022-01-27 15:46:29.482288,Mallee (VIC),Labor,15.00
2022-01-27 15:46:29.482288,Maribyrnong (VIC),Labor,1.01
2022-01-27 15:46:29.482288,McEwen (VIC),Labor,1.02
2022-01-27 15:46:29.482288,Melbourne (VIC),Labor,14.00
2022-01-27 15:46:29.482288,Menzies (VIC),Labor,2.70
2022-01-27 15:46:29.482288,Monash (VIC),Labor,6.00
2022-01-27 15:46:29.482288,Nicholls (VIC),Labor,34.00
2022-01-27 15:46:29.482288,Scullin (VIC),Labor,1.01
2022-01-27 15:46:29.482288,Wannon (VIC),Labor,12.00
2022-01-27 15:46:29.482288,Wills (VIC),Labor,1.05
2022-01-27 15:46:29.482288,Blair (QLD),Labor,1.03
2022-01-27 15:46:29.482288,Bowman (QLD),Labor,6.00
2022-01-27 15:46:29.482288,Bonner (QLD),Labor,3.70
2022-01-27 15:46:29.482288,Brisbane (QLD),Labor,4.50
2022-01-27 15:46:29.482288,Capriconia (QLD),Labor,8.00
2022-01-27 15:46:29.482288,Dawson (QLD),Labor,6.50
2022-01-27 15:46:29.482288,Dickson (QLD),Labor,2.95
2022-01-27 15:46:29.482288,Fadden (QLD),Labor,14.00
2022-01-27 15:46:29.482288,Fairfax (QLD),Labor,14.00
2022-01-27 15:46:29.482288,Fisher (QLD),Labor,14.00
2022-01-27 15:46:29.482288,Flynn (QLD),Labor,1.85
2022-01-27 15:46:29.482288,Forde (QLD),Labor,11.00
2022-01-27 15:46:29.482288,Griffith (QLD),Labor,1.25
2022-01-27 15:46:29.482288,Groom (QLD),Labor,14.00
2022-01-27 15:46:29.482288,Herbert (QLD),Labor,6.00
2022-01-27 15:46:29.482288,Hinkler (QLD),Labor,14.00
2022-01-27 15:46:29.482288,Kennedy (QLD),Labor,21.00
2022-01-27 15:46:29.482288,Leichhardt (QLD),Labor,2.40
2022-01-27 15:46:29.482288,Lilley (QLD),Labor,1.22
2022-01-27 15:46:29.482288,Longman (QLD),Labor,1.82
2022-01-27 15:46:29.482288,Maranoa (QLD),Labor,14.00
2022-01-27 15:46:29.482288,McPherson (QLD),Labor,14.00
2022-01-27 15:46:29.482288,Moncrieff (QLD),Labor,14.00
2022-01-27 15:46:29.482288,Moreton (QLD),Labor,1.04
2022-01-27 15:46:29.482288,Oxley (QLD),Labor,1.04
2022-01-27 15:46:29.482288,Petrie (QLD),Labor,10.00
2022-01-27 15:46:29.482288,Rankin (QLD),Labor,1.03
2022-01-27 15:46:29.482288,Ryan (QLD),Labor,8.00
2022-01-27 15:46:29.482288,Wide Bay (QLD),Labor,14.00
2022-01-27 15:46:29.482288,Wright (QLD),Labor,14.00
2022-01-27 15:46:29.482288,Brand (WA),Labor,1.03
2022-01-27 15:46:29.482288,Burt (WA),Labor,1.02
2022-01-27 15:46:29.482288,Canning (WA),Labor,9.00
2022-01-27 15:46:29.482288,Cowan (WA),Labor,1.08
2022-01-27 15:46:29.482288,Curtin (WA),Labor,14.00
2022-01-27 15:46:29.482288,Durack (WA),Labor,14.00
2022-01-27 15:46:29.482288,Forrest (WA),Labor,14.00
2022-01-27 15:46:29.482288,Fremantle (WA),Labor,1.05
2022-01-27 15:46:29.482288,Hasluck (WA),Labor,2.25
2022-01-27 15:46:29.482288,Moore (WA),Labor,14.00
2022-01-27 15:46:29.482288,O'Connor (WA),Labor,14.00
2022-01-27 15:46:29.482288,Pearce (WA),Labor,1.35
2022-01-27 15:46:29.482288,Perth (WA),Labor,1.03
2022-01-27 15:46:29.482288,Swan (WA),Labor,1.25
2022-01-27 15:46:29.482288,Tangney (WA),Labor,6.50
2022-01-27 15:46:29.482288,Adelaide (SA),Labor,1.01
2022-01-27 15:46:29.482288,Barker (SA),Labor,14.00
2022-01-27 15:46:29.482288,Boothby (SA),Labor,1.75
2022-01-27 15:46:29.482288,Grey (SA),Labor,12.00
2022-01-27 15:46:29.482288,Kingston (SA),Labor,1.02
2022-01-27 15:46:29.482288,Makin (SA),Labor,1.05
2022-01-27 15:46:29.482288,Mayo (SA),Labor,12.00
2022-01-27 15:46:29.482288,Spence (SA),Labor,1.01
2022-01-27 15:46:29.482288,Sturt (SA),Labor,4.05
2022-01-27 15:46:29.482288,Hindmarsh (SA),Labor,1.05
2022-01-27 15:46:29.482288,Bass (TAS),Labor,1.75
2022-01-27 15:46:29.482288,Clark (TAS),Labor,12.00
2022-01-27 15:46:29.482288,Lyons (TAS),Labor,1.08
2022-01-27 15:46:29.482288,Franklin (TAS),Labor,1.05
2022-01-27 15:46:29.482288,Braddon (TAS),Labor,1.90
2022-01-27 15:46:29.482288,Fenner (ACT),Labor,1.01
2022-01-27 15:46:29.482288,Bean (ACT),Labor,1.03
2022-01-27 15:46:29.482288,Canberra (ACT),Labor,1.01
2022-01-27 15:46:29.482288,Lingiari (NT),Labor,1.10
2022-01-27 15:46:29.482288,Solomon (NT),Labor,1.07
2022-01-27 15:46:29.482288,Banks (NSW),Green,34.00
2022-01-27 15:46:29.482288,Barton (NSW),Green,34.00
2022-01-27 15:46:29.482288,Bennelong (NSW),Green,34.00
2022-01-27 15:46:29.482288,Berowra (NSW),Green,34.00
2022-01-27 15:46:29.482288,Blaxland (NSW),Green,34.00
2022-01-27 15:46:29.482288,Bradfield (NSW),Green,34.00
2022-01-27 15:46:29.482288,Chifley (NSW),Green,34.00
2022-01-27 15:46:29.482288,Cook (NSW),Green,51.00
2022-01-27 15:46:29.482288,Cowper (NSW),Green,51.00
2022-01-27 15:46:29.482288,Cunningham (NSW),Green,34.00
2022-01-27 15:46:29.482288,Dobell (NSW),Green,34.00
2022-01-27 15:46:29.482288,Eden-Monaro (NSW),Green,51.00
2022-01-27 15:46:29.482288,Farrer (NSW),Green,61.00
2022-01-27 15:46:29.482288,Fowler (NSW),Green,51.00
2022-01-27 15:46:29.482288,Gilmore (NSW),Green,34.00
2022-01-27 15:46:29.482288,Grayndler (NSW),Green,14.00
2022-01-27 15:46:29.482288,Greenway (NSW),Green,34.00
2022-01-27 15:46:29.482288,Hughes (NSW),Green,91.00
2022-01-27 15:46:29.482288,Hume (NSW),Green,34.00
2022-01-27 15:46:29.482288,Hunter (NSW),Green,34.00
2022-01-27 15:46:29.482288,Kingsford Smith (NSW),Green,34.00
2022-01-27 15:46:29.482288,Lindsay (NSW),Green,34.00
2022-01-27 15:46:29.482288,Lyne (NSW),Green,34.00
2022-01-27 15:46:29.482288,Macarthur (NSW),Green,34.00
2022-01-27 15:46:29.482288,Mackellar (NSW),Green,34.00
2022-01-27 15:46:29.482288,Macquarie (NSW),Green,34.00
2022-01-27 15:46:29.482288,McMahon (NSW),Green,34.00
2022-01-27 15:46:29.482288,Mitchell (NSW),Green,34.00
2022-01-27 15:46:29.482288,New England (NSW),Green,51.00
2022-01-27 15:46:29.482288,Newcastle (NSW),Green,34.00
2022-01-27 15:46:29.482288,North Sydney (NSW),Green,34.00
2022-01-27 15:46:29.482288,Page (NSW),Green,34.00
2022-01-27 15:46:29.482288,Parkes (NSW),Green,34.00
2022-01-27 15:46:29.482288,Parramatta (NSW),Green,34.00
2022-01-27 15:46:29.482288,Paterson (NSW),Green,34.00
2022-01-27 15:46:29.482288,Reid (NSW),Green,34.00
2022-01-27 15:46:29.482288,Richmond (NSW),Green,34.00
2022-01-27 15:46:29.482288,Riverina (NSW),Green,34.00
2022-01-27 15:46:29.482288,Robertson (NSW),Green,34.00
2022-01-27 15:46:29.482288,Shortland (NSW),Green,34.00
2022-01-27 15:46:29.482288,Sydney (NSW),Green,21.00
2022-01-27 15:46:29.482288,Warringah (NSW),Green,51.00
2022-01-27 15:46:29.482288,Watson (NSW),Green,34.00
2022-01-27 15:46:29.482288,Wentworth (NSW),Green,15.00
2022-01-27 15:46:29.482288,Werriwa (NSW),Green,34.00
2022-01-27 15:46:29.482288,Whitlam (NSW),Green,34.00
2022-01-27 15:46:29.482288,Calare (NSW),Green,51.00
2022-01-27 15:46:29.482288,Aston (VIC),Green,34.00
2022-01-27 15:46:29.482288,Ballarat (VIC),Green,34.00
2022-01-27 15:46:29.482288,Bendigo (VIC),Green,34.00
2022-01-27 15:46:29.482288,Bruce (VIC),Green,34.00
2022-01-27 15:46:29.482288,Calwell (VIC),Green,34.00
2022-01-27 15:46:29.482288,Casey (VIC),Green,34.00
2022-01-27 15:46:29.482288,Chisholm (VIC),Green,34.00
2022-01-27 15:46:29.482288,Cooper (VIC),Green,6.00
2022-01-27 15:46:29.482288,Corangamite (VIC),Green,34.00
2022-01-27 15:46:29.482288,Corio (VIC),Green,34.00
2022-01-27 15:46:29.482288,Deakin (VIC),Green,34.00
2022-01-27 15:46:29.482288,Dunkley (VIC),Green,34.00
2022-01-27 15:46:29.482288,Flinders (VIC),Green,51.00
2022-01-27 15:46:29.482288,Fraser (VIC),Green,34.00
2022-01-27 15:46:29.482288,Gellibrand (VIC),Green,34.00
2022-01-27 15:46:29.482288,Gippsland (VIC),Green,34.00
2022-01-27 15:46:29.482288,Goldstein (VIC),Green,15.00
2022-01-27 15:46:29.482288,Gorton (VIC),Green,34.00
2022-01-27 15:46:29.482288,Hawke (VIC),Green,21.00
2022-01-27 15:46:29.482288,Higgins (VIC),Green,3.75
2022-01-27 15:46:29.482288,Holt (VIC),Green,34.00
2022-01-27 15:46:29.482288,Hotham (VIC),Green,34.00
2022-01-27 15:46:29.482288,Indi (VIC),Green,51.00
2022-01-27 15:46:29.482288,Isaacs (VIC),Green,34.00
2022-01-27 15:46:29.482288,Jagajaga (VIC),Green,34.00
2022-01-27 15:46:29.482288,Kooyong (VIC),Green,7.50
2022-01-27 15:46:29.482288,La Trobe (VIC),Green,34.00
2022-01-27 15:46:29.482288,Lalor (VIC),Green,34.00
2022-01-27 15:46:29.482288,Macnamara (VIC),Green,5.10
2022-01-27 15:46:29.482288,Mallee (VIC),Green,51.00
2022-01-27 15:46:29.482288,Maribyrnong (VIC),Green,34.00
2022-01-27 15:46:29.482288,McEwen (VIC),Green,34.00
2022-01-27 15:46:29.482288,Melbourne (VIC),Green,1.01
2022-01-27 15:46:29.482288,Menzies (VIC),Green,51.00
2022-01-27 15:46:29.482288,Monash (VIC),Green,51.00
2022-01-27 15:46:29.482288,Nicholls (VIC),Green,51.00
2022-01-27 15:46:29.482288,Scullin (VIC),Green,34.00
2022-01-27 15:46:29.482288,Wannon (VIC),Green,34.00
2022-01-27 15:46:29.482288,Wills (VIC),Green,8.00
2022-01-27 15:46:29.482288,Blair (QLD),Green,34.00
2022-01-27 15:46:29.482288,Bowman (QLD),Green,34.00
2022-01-27 15:46:29.482288,Bonner (QLD),Green,34.00
2022-01-27 15:46:29.482288,Brisbane (QLD),Green,6.50
2022-01-27 15:46:29.482288,Capriconia (QLD),Green,51.00
2022-01-27 15:46:29.482288,Dawson (QLD),Green,34.00
2022-01-27 15:46:29.482288,Dickson (QLD),Green,34.00
2022-01-27 15:46:29.482288,Fadden (QLD),Green,34.00
2022-01-27 15:46:29.482288,Fairfax (QLD),Green,34.00
2022-01-27 15:46:29.482288,Fisher (QLD),Green,34.00
2022-01-27 15:46:29.482288,Flynn (QLD),Green,34.00
2022-01-27 15:46:29.482288,Forde (QLD),Green,34.00
2022-01-27 15:46:29.482288,Griffith (QLD),Green,4.50
2022-01-27 15:46:29.482288,Groom (QLD),Green,34.00
2022-01-27 15:46:29.482288,Herbert (QLD),Green,51.00
2022-01-27 15:46:29.482288,Hinkler (QLD),Green,34.00
2022-01-27 15:46:29.482288,Kennedy (QLD),Green,91.00
2022-01-27 15:46:29.482288,Leichhardt (QLD),Green,34.00
2022-01-27 15:46:29.482288,Lilley (QLD),Green,51.00
2022-01-27 15:46:29.482288,Longman (QLD),Green,34.00
2022-01-27 15:46:29.482288,Maranoa (QLD),Green,34.00
2022-01-27 15:46:29.482288,McPherson (QLD),Green,34.00
2022-01-27 15:46:29.482288,Moncrieff (QLD),Green,34.00
2022-01-27 15:46:29.482288,Moreton (QLD),Green,34.00
2022-01-27 15:46:29.482288,Oxley (QLD),Green,51.00
2022-01-27 15:46:29.482288,Petrie (QLD),Green,34.00
2022-01-27 15:46:29.482288,Rankin (QLD),Green,34.00
2022-01-27 15:46:29.482288,Ryan (QLD),Green,18.00
2022-01-27 15:46:29.482288,Wide Bay (QLD),Green,51.00
2022-01-27 15:46:29.482288,Wright (QLD),Green,51.00
2022-01-27 15:46:29.482288,Brand (WA),Green,34.00
2022-01-27 15:46:29.482288,Burt (WA),Green,51.00
2022-01-27 15:46:29.482288,Canning (WA),Green,34.00
2022-01-27 15:46:29.482288,Cowan (WA),Green,34.00
2022-01-27 15:46:29.482288,Curtin (WA),Green,34.00
2022-01-27 15:46:29.482288,Durack (WA),Green,34.00
2022-01-27 15:46:29.482288,Forrest (WA),Green,34.00
2022-01-27 15:46:29.482288,Fremantle (WA),Green,34.00
2022-01-27 15:46:29.482288,Hasluck (WA),Green,34.00
2022-01-27 15:46:29.482288,Moore (WA),Green,34.00
2022-01-27 15:46:29.482288,O'Connor (WA),Green,34.00
2022-01-27 15:46:29.482288,Pearce (WA),Green,34.00
2022-01-27 15:46:29.482288,Perth (WA),Green,21.00
2022-01-27 15:46:29.482288,Swan (WA),Green,34.00
2022-01-27 15:46:29.482288,Tangney (WA),Green,34.00
2022-01-27 15:46:29.482288,Adelaide (SA),Green,21.00
2022-01-27 15:46:29.482288,Barker (SA),Green,21.00
2022-01-27 15:46:29.482288,Boothby (SA),Green,21.00
2022-01-27 15:46:29.482288,Grey (SA),Green,21.00
2022-01-27 15:46:29.482288,Kingston (SA),Green,21.00
2022-01-27 15:46:29.482288,Makin (SA),Green,21.00
2022-01-27 15:46:29.482288,Mayo (SA),Green,34.00
2022-01-27 15:46:29.482288,Spence (SA),Green,21.00
2022-01-27 15:46:29.482288,Sturt (SA),Green,21.00
2022-01-27 15:46:29.482288,Hindmarsh (SA),Green,21.00
2022-01-27 15:46:29.482288,Bass (TAS),Green,51.00
2022-01-27 15:46:29.482288,Clark (TAS),Green,51.00
2022-01-27 15:46:29.482288,Lyons (TAS),Green,18.00
2022-01-27 15:46:29.482288,Franklin (TAS),Green,18.00
2022-01-27 15:46:29.482288,Braddon (TAS),Green,34.00
2022-01-27 15:46:29.482288,Fenner (ACT),Green,15.00
2022-01-27 15:46:29.482288,Bean (ACT),Green,15.00
2022-01-27 15:46:29.482288,Canberra (ACT),Green,15.00
2022-01-27 15:46:29.482288,Lingiari (NT),Green,34.00
2022-01-27 15:46:29.482288,Solomon (NT),Green,34.00
2022-01-27 15:46:29.482288,Banks (NSW),Independent,51.00
2022-01-27 15:46:29.482288,Barton (NSW),Independent,51.00
2022-01-27 15:46:29.482288,Bennelong (NSW),Independent,51.00
2022-01-27 15:46:29.482288,Berowra (NSW),Independent,51.00
2022-01-27 15:46:29.482288,Blaxland (NSW),Independent,51.00
2022-01-27 15:46:29.482288,Bradfield (NSW),Independent,51.00
2022-01-27 15:46:29.482288,Chifley (NSW),Independent,51.00
2022-01-27 15:46:29.482288,Cook (NSW),Independent,51.00
2022-01-27 15:46:29.482288,Cowper (NSW),Independent,21.00
2022-01-27 15:46:29.482288,Cunningham (NSW),Independent,51.00
2022-01-27 15:46:29.482288,Dobell (NSW),Independent,51.00
2022-01-27 15:46:29.482288,Eden-Monaro (NSW),Independent,51.00
2022-01-27 15:46:29.482288,Farrer (NSW),Independent,21.00
2022-01-27 15:46:29.482288,Fowler (NSW),Independent,10.00
2022-01-27 15:46:29.482288,Gilmore (NSW),Independent,51.00
2022-01-27 15:46:29.482288,Grayndler (NSW),Independent,51.00
2022-01-27 15:46:29.482288,Greenway (NSW),Independent,51.00
2022-01-27 15:46:29.482288,Hughes (NSW),Independent,10.00
2022-01-27 15:46:29.482288,Hume (NSW),Independent,6.50
2022-01-27 15:46:29.482288,Hunter (NSW),Independent,51.00
2022-01-27 15:46:29.482288,Kingsford Smith (NSW),Independent,51.00
2022-01-27 15:46:29.482288,Lindsay (NSW),Independent,51.00
2022-01-27 15:46:29.482288,Lyne (NSW),Independent,51.00
2022-01-27 15:46:29.482288,Macarthur (NSW),Independent,51.00
2022-01-27 15:46:29.482288,Mackellar (NSW),Independent,7.00
2022-01-27 15:46:29.482288,Macquarie (NSW),Independent,51.00
2022-01-27 15:46:29.482288,McMahon (NSW),Independent,51.00
2022-01-27 15:46:29.482288,Mitchell (NSW),Independent,51.00
2022-01-27 15:46:29.482288,New England (NSW),Independent,21.00
2022-01-27 15:46:29.482288,Newcastle (NSW),Independent,51.00
2022-01-27 15:46:29.482288,North Sydney (NSW),Independent,3.70
2022-01-27 15:46:29.482288,Page (NSW),Independent,51.00
2022-01-27 15:46:29.482288,Parkes (NSW),Independent,51.00
2022-01-27 15:46:29.482288,Parramatta (NSW),Independent,51.00
2022-01-27 15:46:29.482288,Paterson (NSW),Independent,51.00
2022-01-27 15:46:29.482288,Reid (NSW),Independent,51.00
2022-01-27 15:46:29.482288,Richmond (NSW),Independent,51.00
2022-01-27 15:46:29.482288,Riverina (NSW),Independent,51.00
2022-01-27 15:46:29.482288,Robertson (NSW),Independent,51.00
2022-01-27 15:46:29.482288,Shortland (NSW),Independent,51.00
2022-01-27 15:46:29.482288,Sydney (NSW),Independent,51.00
2022-01-27 15:46:29.482288,Warringah (NSW),Independent,1.30
2022-01-27 15:46:29.482288,Watson (NSW),Independent,51.00
2022-01-27 15:46:29.482288,Wentworth (NSW),Independent,2.75
2022-01-27 15:46:29.482288,Werriwa (NSW),Independent,51.00
2022-01-27 15:46:29.482288,Whitlam (NSW),Independent,51.00
2022-01-27 15:46:29.482288,Calare (NSW),Independent,34.00
2022-01-27 15:46:29.482288,Aston (VIC),Independent,51.00
2022-01-27 15:46:29.482288,Ballarat (VIC),Independent,51.00
2022-01-27 15:46:29.482288,Bendigo (VIC),Independent,51.00
2022-01-27 15:46:29.482288,Bruce (VIC),Independent,51.00
2022-01-27 15:46:29.482288,Casey (VIC),Independent,21.00
2022-01-27 15:46:29.482288,Chisholm (VIC),Independent,51.00
2022-01-27 15:46:29.482288,Cooper (VIC),Independent,51.00
2022-01-27 15:46:29.482288,Corangamite (VIC),Independent,51.00
2022-01-27 15:46:29.482288,Corio (VIC),Independent,51.00
2022-01-27 15:46:29.482288,Deakin (VIC),Independent,51.00
2022-01-27 15:46:29.482288,Dunkley (VIC),Independent,51.00
2022-01-27 15:46:29.482288,Flinders (VIC),Independent,1.87
2022-01-27 15:46:29.482288,Fraser (VIC),Independent,51.00
2022-01-27 15:46:29.482288,Gellibrand (VIC),Independent,51.00
2022-01-27 15:46:29.482288,Gippsland (VIC),Independent,51.00
2022-01-27 15:46:29.482288,Goldstein (VIC),Independent,2.70
2022-01-27 15:46:29.482288,Gorton (VIC),Independent,51.00
2022-01-27 15:46:29.482288,Hawke (VIC),Independent,51.00
2022-01-27 15:46:29.482288,Higgins (VIC),Independent,9.00
2022-01-27 15:46:29.482288,Holt (VIC),Independent,51.00
2022-01-27 15:46:29.482288,Hotham (VIC),Independent,51.00
2022-01-27 15:46:29.482288,Indi (VIC),Independent,1.30
2022-01-27 15:46:29.482288,Isaacs (VIC),Independent,51.00
2022-01-27 15:46:29.482288,Jagajaga (VIC),Independent,51.00
2022-01-27 15:46:29.482288,Kooyong (VIC),Independent,4.50
2022-01-27 15:46:29.482288,La Trobe (VIC),Independent,51.00
2022-01-27 15:46:29.482288,Lalor (VIC),Independent,51.00
2022-01-27 15:46:29.482288,Macnamara (VIC),Independent,51.00
2022-01-27 15:46:29.482288,Mallee (VIC),Independent,14.00
2022-01-27 15:46:29.482288,Maribyrnong (VIC),Independent,51.00
2022-01-27 15:46:29.482288,McEwen (VIC),Independent,51.00
2022-01-27 15:46:29.482288,Melbourne (VIC),Independent,51.00
2022-01-27 15:46:29.482288,Menzies (VIC),Independent,21.00
2022-01-27 15:46:29.482288,Monash (VIC),Independent,21.00
2022-01-27 15:46:29.482288,Nicholls (VIC),Independent,7.00
2022-01-27 15:46:29.482288,Scullin (VIC),Independent,51.00
2022-01-27 15:46:29.482288,Wannon (VIC),Independent,21.00
2022-01-27 15:46:29.482288,Wills (VIC),Independent,51.00
2022-01-27 15:46:29.482288,Blair (QLD),Independent,51.00
2022-01-27 15:46:29.482288,Bowman (QLD),Independent,51.00
2022-01-27 15:46:29.482288,Bonner (QLD),Independent,51.00
2022-01-27 15:46:29.482288,Brisbane (QLD),Independent,34.00
2022-01-27 15:46:29.482288,Capriconia (QLD),Independent,34.00
2022-01-27 15:46:29.482288,Dawson (QLD),Independent,51.00
2022-01-27 15:46:29.482288,Dickson (QLD),Independent,51.00
2022-01-27 15:46:29.482288,Fadden (QLD),Independent,51.00
2022-01-27 15:46:29.482288,Fairfax (QLD),Independent,51.00
2022-01-27 15:46:29.482288,Fisher (QLD),Independent,51.00
2022-01-27 15:46:29.482288,Flynn (QLD),Independent,51.00
2022-01-27 15:46:29.482288,Forde (QLD),Independent,51.00
2022-01-27 15:46:29.482288,Griffith (QLD),Independent,34.00
2022-01-27 15:46:29.482288,Groom (QLD),Independent,51.00
2022-01-27 15:46:29.482288,Herbert (QLD),Independent,51.00
2022-01-27 15:46:29.482288,Hinkler (QLD),Independent,51.00
2022-01-27 15:46:29.482288,Kennedy (QLD),Independent,34.00
2022-01-27 15:46:29.482288,Leichhardt (QLD),Independent,51.00
2022-01-27 15:46:29.482288,Lilley (QLD),Independent,51.00
2022-01-27 15:46:29.482288,Longman (QLD),Independent,34.00
2022-01-27 15:46:29.482288,Maranoa (QLD),Independent,51.00
2022-01-27 15:46:29.482288,McPherson (QLD),Independent,51.00
2022-01-27 15:46:29.482288,Moncrieff (QLD),Independent,51.00
2022-01-27 15:46:29.482288,Moreton (QLD),Independent,51.00
2022-01-27 15:46:29.482288,Oxley (QLD),Independent,51.00
2022-01-27 15:46:29.482288,Petrie (QLD),Independent,51.00
2022-01-27 15:46:29.482288,Rankin (QLD),Independent,51.00
2022-01-27 15:46:29.482288,Ryan (QLD),Independent,34.00
2022-01-27 15:46:29.482288,Wide Bay (QLD),Independent,34.00
2022-01-27 15:46:29.482288,Wright (QLD),Independent,34.00
2022-01-27 15:46:29.482288,Brand (WA),Independent,51.00
2022-01-27 15:46:29.482288,Burt (WA),Independent,51.00
2022-01-27 15:46:29.482288,Canning (WA),Independent,51.00
2022-01-27 15:46:29.482288,Cowan (WA),Independent,51.00
2022-01-27 15:46:29.482288,Curtin (WA),Independent,51.00
2022-01-27 15:46:29.482288,Durack (WA),Independent,51.00
2022-01-27 15:46:29.482288,Forrest (WA),Independent,51.00
2022-01-27 15:46:29.482288,Fremantle (WA),Independent,51.00
2022-01-27 15:46:29.482288,Hasluck (WA),Independent,51.00
2022-01-27 15:46:29.482288,Moore (WA),Independent,51.00
2022-01-27 15:46:29.482288,O'Connor (WA),Independent,51.00
2022-01-27 15:46:29.482288,Pearce (WA),Independent,51.00
2022-01-27 15:46:29.482288,Perth (WA),Independent,51.00
2022-01-27 15:46:29.482288,Swan (WA),Independent,51.00
2022-01-27 15:46:29.482288,Tangney (WA),Independent,51.00
2022-01-27 15:46:29.482288,Adelaide (SA),Independent,51.00
2022-01-27 15:46:29.482288,Barker (SA),Independent,51.00
2022-01-27 15:46:29.482288,Boothby (SA),Independent,34.00
2022-01-27 15:46:29.482288,Grey (SA),Independent,51.00
2022-01-27 15:46:29.482288,Kingston (SA),Independent,51.00
2022-01-27 15:46:29.482288,Makin (SA),Independent,51.00
2022-01-27 15:46:29.482288,Mayo (SA),Independent,51.00
2022-01-27 15:46:29.482288,Spence (SA),Independent,51.00
2022-01-27 15:46:29.482288,Sturt (SA),Independent,51.00
2022-01-27 15:46:29.482288,Hindmarsh (SA),Independent,51.00
2022-01-27 15:46:29.482288,Bass (TAS),Independent,21.00
2022-01-27 15:46:29.482288,Clark (TAS),Independent,1.01
2022-01-27 15:46:29.482288,Lyons (TAS),Independent,34.00
2022-01-27 15:46:29.482288,Franklin (TAS),Independent,34.00
2022-01-27 15:46:29.482288,Braddon (TAS),Independent,21.00
2022-01-27 15:46:29.482288,Fenner (ACT),Independent,34.00
2022-01-27 15:46:29.482288,Bean (ACT),Independent,34.00
2022-01-27 15:46:29.482288,Canberra (ACT),Independent,34.00
2022-01-27 15:46:29.482288,Lingiari (NT),Independent,51.00
2022-01-27 15:46:29.482288,Solomon (NT),Independent,51.00
2022-01-27 15:46:29.482288,Banks (NSW),One Nation,91.00
2022-01-27 15:46:29.482288,Barton (NSW),One Nation,91.00
2022-01-27 15:46:29.482288,Bennelong (NSW),One Nation,91.00
2022-01-27 15:46:29.482288,Berowra (NSW),One Nation,91.00
2022-01-27 15:46:29.482288,Blaxland (NSW),One Nation,91.00
2022-01-27 15:46:29.482288,Bradfield (NSW),One Nation,91.00
2022-01-27 15:46:29.482288,Chifley (NSW),One Nation,91.00
2022-01-27 15:46:29.482288,Cook (NSW),One Nation,91.00
2022-01-27 15:46:29.482288,Cowper (NSW),One Nation,91.00
2022-01-27 15:46:29.482288,Cunningham (NSW),One Nation,91.00
2022-01-27 15:46:29.482288,Dobell (NSW),One Nation,91.00
2022-01-27 15:46:29.482288,Eden-Monaro (NSW),One Nation,91.00
2022-01-27 15:46:29.482288,Farrer (NSW),One Nation,91.00
2022-01-27 15:46:29.482288,Fowler (NSW),One Nation,91.00
2022-01-27 15:46:29.482288,Gilmore (NSW),One Nation,91.00
2022-01-27 15:46:29.482288,Grayndler (NSW),One Nation,91.00
2022-01-27 15:46:29.482288,Greenway (NSW),One Nation,91.00
2022-01-27 15:46:29.482288,Hughes (NSW),One Nation,101.00
2022-01-27 15:46:29.482288,Hume (NSW),One Nation,91.00
2022-01-27 15:46:29.482288,Hunter (NSW),One Nation,71.00
2022-01-27 15:46:29.482288,Kingsford Smith (NSW),One Nation,91.00
2022-01-27 15:46:29.482288,Lindsay (NSW),One Nation,91.00
2022-01-27 15:46:29.482288,Lyne (NSW),One Nation,91.00
2022-01-27 15:46:29.482288,Macarthur (NSW),One Nation,91.00
2022-01-27 15:46:29.482288,Mackellar (NSW),One Nation,91.00
2022-01-27 15:46:29.482288,Macquarie (NSW),One Nation,91.00
2022-01-27 15:46:29.482288,McMahon (NSW),One Nation,91.00
2022-01-27 15:46:29.482288,Mitchell (NSW),One Nation,91.00
2022-01-27 15:46:29.482288,New England (NSW),One Nation,91.00
2022-01-27 15:46:29.482288,Newcastle (NSW),One Nation,91.00
2022-01-27 15:46:29.482288,North Sydney (NSW),One Nation,91.00
2022-01-27 15:46:29.482288,Page (NSW),One Nation,91.00
2022-01-27 15:46:29.482288,Parkes (NSW),One Nation,91.00
2022-01-27 15:46:29.482288,Parramatta (NSW),One Nation,91.00
2022-01-27 15:46:29.482288,Paterson (NSW),One Nation,91.00
2022-01-27 15:46:29.482288,Reid (NSW),One Nation,91.00
2022-01-27 15:46:29.482288,Richmond (NSW),One Nation,91.00
2022-01-27 15:46:29.482288,Riverina (NSW),One Nation,91.00
2022-01-27 15:46:29.482288,Robertson (NSW),One Nation,91.00
2022-01-27 15:46:29.482288,Shortland (NSW),One Nation,91.00
2022-01-27 15:46:29.482288,Sydney (NSW),One Nation,91.00
2022-01-27 15:46:29.482288,Warringah (NSW),One Nation,91.00
2022-01-27 15:46:29.482288,Watson (NSW),One Nation,91.00
2022-01-27 15:46:29.482288,Wentworth (NSW),One Nation,91.00
2022-01-27 15:46:29.482288,Werriwa (NSW),One Nation,91.00
2022-01-27 15:46:29.482288,Whitlam (NSW),One Nation,91.00
2022-01-27 15:46:29.482288,Calare (NSW),One Nation,91.00
2022-01-27 15:46:29.482288,Aston (VIC),One Nation,91.00
2022-01-27 15:46:29.482288,Ballarat (VIC),One Nation,91.00
2022-01-27 15:46:29.482288,Bendigo (VIC),One Nation,91.00
2022-01-27 15:46:29.482288,Bruce (VIC),One Nation,91.00
2022-01-27 15:46:29.482288,Calwell (VIC),One Nation,91.00
2022-01-27 15:46:29.482288,Casey (VIC),One Nation,91.00
2022-01-27 15:46:29.482288,Chisholm (VIC),One Nation,91.00
2022-01-27 15:46:29.482288,Cooper (VIC),One Nation,91.00
2022-01-27 15:46:29.482288,Corangamite (VIC),One Nation,91.00
2022-01-27 15:46:29.482288,Corio (VIC),One Nation,91.00
2022-01-27 15:46:29.482288,Deakin (VIC),One Nation,91.00
2022-01-27 15:46:29.482288,Dunkley (VIC),One Nation,91.00
2022-01-27 15:46:29.482288,Flinders (VIC),One Nation,91.00
2022-01-27 15:46:29.482288,Fraser (VIC),One Nation,51.00
2022-01-27 15:46:29.482288,Gellibrand (VIC),One Nation,91.00
2022-01-27 15:46:29.482288,Gippsland (VIC),One Nation,91.00
2022-01-27 15:46:29.482288,Goldstein (VIC),One Nation,91.00
2022-01-27 15:46:29.482288,Gorton (VIC),One Nation,91.00
2022-01-27 15:46:29.482288,Hawke (VIC),One Nation,91.00
2022-01-27 15:46:29.482288,Higgins (VIC),One Nation,91.00
2022-01-27 15:46:29.482288,Holt (VIC),One Nation,91.00
2022-01-27 15:46:29.482288,Hotham (VIC),One Nation,91.00
2022-01-27 15:46:29.482288,Indi (VIC),One Nation,91.00
2022-01-27 15:46:29.482288,Isaacs (VIC),One Nation,91.00
2022-01-27 15:46:29.482288,Jagajaga (VIC),One Nation,91.00
2022-01-27 15:46:29.482288,Kooyong (VIC),One Nation,91.00
2022-01-27 15:46:29.482288,La Trobe (VIC),One Nation,91.00
2022-01-27 15:46:29.482288,Lalor (VIC),One Nation,51.00
2022-01-27 15:46:29.482288,Macnamara (VIC),One Nation,91.00
2022-01-27 15:46:29.482288,Mallee (VIC),One Nation,91.00
2022-01-27 15:46:29.482288,Maribyrnong (VIC),One Nation,91.00
2022-01-27 15:46:29.482288,McEwen (VIC),One Nation,91.00
2022-01-27 15:46:29.482288,Melbourne (VIC),One Nation,91.00
2022-01-27 15:46:29.482288,Menzies (VIC),One Nation,91.00
2022-01-27 15:46:29.482288,Monash (VIC),One Nation,91.00
2022-01-27 15:46:29.482288,Nicholls (VIC),One Nation,91.00
2022-01-27 15:46:29.482288,Scullin (VIC),One Nation,91.00
2022-01-27 15:46:29.482288,Wannon (VIC),One Nation,91.00
2022-01-27 15:46:29.482288,Wills (VIC),One Nation,91.00
2022-01-27 15:46:29.482288,Blair (QLD),One Nation,51.00
2022-01-27 15:46:29.482288,Bowman (QLD),One Nation,51.00
2022-01-27 15:46:29.482288,Bonner (QLD),One Nation,51.00
2022-01-27 15:46:29.482288,Brisbane (QLD),One Nation,91.00
2022-01-27 15:46:29.482288,Capriconia (QLD),One Nation,21.00
2022-01-27 15:46:29.482288,Dawson (QLD),One Nation,51.00
2022-01-27 15:46:29.482288,Dickson (QLD),One Nation,51.00
2022-01-27 15:46:29.482288,Fadden (QLD),One Nation,51.00
2022-01-27 15:46:29.482288,Fairfax (QLD),One Nation,51.00
2022-01-27 15:46:29.482288,Fisher (QLD),One Nation,51.00
2022-01-27 15:46:29.482288,Flynn (QLD),One Nation,51.00
2022-01-27 15:46:29.482288,Forde (QLD),One Nation,51.00
2022-01-27 15:46:29.482288,Griffith (QLD),One Nation,51.00
2022-01-27 15:46:29.482288,Groom (QLD),One Nation,51.00
2022-01-27 15:46:29.482288,Herbert (QLD),One Nation,34.00
2022-01-27 15:46:29.482288,Hinkler (QLD),One Nation,51.00
2022-01-27 15:46:29.482288,Kennedy (QLD),One Nation,51.00
2022-01-27 15:46:29.482288,Leichhardt (QLD),One Nation,51.00
2022-01-27 15:46:29.482288,Lilley (QLD),One Nation,51.00
2022-01-27 15:46:29.482288,Longman (QLD),One Nation,51.00
2022-01-27 15:46:29.482288,Maranoa (QLD),One Nation,51.00
2022-01-27 15:46:29.482288,McPherson (QLD),One Nation,51.00
2022-01-27 15:46:29.482288,Moncrieff (QLD),One Nation,91.00
2022-01-27 15:46:29.482288,Moreton (QLD),One Nation,51.00
2022-01-27 15:46:29.482288,Oxley (QLD),One Nation,34.00
2022-01-27 15:46:29.482288,Petrie (QLD),One Nation,51.00
2022-01-27 15:46:29.482288,Rankin (QLD),One Nation,51.00
2022-01-27 15:46:29.482288,Ryan (QLD),One Nation,51.00
2022-01-27 15:46:29.482288,Wide Bay (QLD),One Nation,51.00
2022-01-27 15:46:29.482288,Wright (QLD),One Nation,51.00
2022-01-27 15:46:29.482288,Brand (WA),One Nation,91.00
2022-01-27 15:46:29.482288,Burt (WA),One Nation,91.00
2022-01-27 15:46:29.482288,Canning (WA),One Nation,91.00
2022-01-27 15:46:29.482288,Cowan (WA),One Nation,91.00
2022-01-27 15:46:29.482288,Curtin (WA),One Nation,91.00
2022-01-27 15:46:29.482288,Durack (WA),One Nation,91.00
2022-01-27 15:46:29.482288,Forrest (WA),One Nation,91.00
2022-01-27 15:46:29.482288,Fremantle (WA),One Nation,91.00
2022-01-27 15:46:29.482288,Hasluck (WA),One Nation,91.00
2022-01-27 15:46:29.482288,Moore (WA),One Nation,91.00
2022-01-27 15:46:29.482288,O'Connor (WA),One Nation,91.00
2022-01-27 15:46:29.482288,Pearce (WA),One Nation,91.00
2022-01-27 15:46:29.482288,Perth (WA),One Nation,91.00
2022-01-27 15:46:29.482288,Swan (WA),One Nation,91.00
2022-01-27 15:46:29.482288,Tangney (WA),One Nation,91.00
2022-01-27 15:46:29.482288,Adelaide (SA),One Nation,91.00
2022-01-27 15:46:29.482288,Barker (SA),One Nation,91.00
2022-01-27 15:46:29.482288,Boothby (SA),One Nation,91.00
2022-01-27 15:46:29.482288,Grey (SA),One Nation,91.00
2022-01-27 15:46:29.482288,Kingston (SA),One Nation,91.00
2022-01-27 15:46:29.482288,Makin (SA),One Nation,91.00
2022-01-27 15:46:29.482288,Mayo (SA),One Nation,91.00
2022-01-27 15:46:29.482288,Spence (SA),One Nation,91.00
2022-01-27 15:46:29.482288,Sturt (SA),One Nation,91.00
2022-01-27 15:46:29.482288,Hindmarsh (SA),One Nation,91.00
2022-01-27 15:46:29.482288,Bass (TAS),One Nation,101.00
2022-01-27 15:46:29.482288,Clark (TAS),One Nation,101.00
2022-01-27 15:46:29.482288,Lyons (TAS),One Nation,91.00
2022-01-27 15:46:29.482288,Franklin (TAS),One Nation,91.00
2022-01-27 15:46:29.482288,Braddon (TAS),One Nation,101.00
2022-01-27 15:46:29.482288,Fenner (ACT),One Nation,91.00
2022-01-27 15:46:29.482288,Bean (ACT),One Nation,91.00
2022-01-27 15:46:29.482288,Canberra (ACT),One Nation,91.00
2022-01-27 15:46:29.482288,Lingiari (NT),One Nation,91.00
2022-01-27 15:46:29.482288,Solomon (NT),One Nation,91.00
2022-01-27 15:46:29.482288,Banks (NSW),United Australia Party,91.00
2022-01-27 15:46:29.482288,Barton (NSW),United Australia Party,101.00
2022-01-27 15:46:29.482288,Bennelong (NSW),United Australia Party,101.00
2022-01-27 15:46:29.482288,Berowra (NSW),United Australia Party,101.00
2022-01-27 15:46:29.482288,Blaxland (NSW),United Australia Party,101.00
2022-01-27 15:46:29.482288,Bradfield (NSW),United Australia Party,101.00
2022-01-27 15:46:29.482288,Chifley (NSW),United Australia Party,101.00
2022-01-27 15:46:29.482288,Cook (NSW),United Australia Party,101.00
2022-01-27 15:46:29.482288,Cowper (NSW),United Australia Party,91.00
2022-01-27 15:46:29.482288,Cunningham (NSW),United Australia Party,101.00
2022-01-27 15:46:29.482288,Dobell (NSW),United Australia Party,101.00
2022-01-27 15:46:29.482288,Eden-Monaro (NSW),United Australia Party,101.00
2022-01-27 15:46:29.482288,Farrer (NSW),United Australia Party,101.00
2022-01-27 15:46:29.482288,Fowler (NSW),United Australia Party,101.00
2022-01-27 15:46:29.482288,Gilmore (NSW),United Australia Party,101.00
2022-01-27 15:46:29.482288,Grayndler (NSW),United Australia Party,101.00
2022-01-27 15:46:29.482288,Greenway (NSW),United Australia Party,101.00
2022-01-27 15:46:29.482288,Hughes (NSW),United Australia Party,10.00
2022-01-27 15:46:29.482288,Hume (NSW),United Australia Party,101.00
2022-01-27 15:46:29.482288,Hunter (NSW),United Australia Party,101.00
2022-01-27 15:46:29.482288,Kingsford Smith (NSW),United Australia Party,101.00
2022-01-27 15:46:29.482288,Lindsay (NSW),United Australia Party,101.00
2022-01-27 15:46:29.482288,Lyne (NSW),United Australia Party,101.00
2022-01-27 15:46:29.482288,Macarthur (NSW),United Australia Party,101.00
2022-01-27 15:46:29.482288,Mackellar (NSW),United Australia Party,101.00
2022-01-27 15:46:29.482288,Macquarie (NSW),United Australia Party,101.00
2022-01-27 15:46:29.482288,McMahon (NSW),United Australia Party,101.00
2022-01-27 15:46:29.482288,Mitchell (NSW),United Australia Party,101.00
2022-01-27 15:46:29.482288,New England (NSW),United Australia Party,101.00
2022-01-27 15:46:29.482288,Newcastle (NSW),United Australia Party,101.00
2022-01-27 15:46:29.482288,North Sydney (NSW),United Australia Party,101.00
2022-01-27 15:46:29.482288,Page (NSW),United Australia Party,101.00
2022-01-27 15:46:29.482288,Parkes (NSW),United Australia Party,101.00
2022-01-27 15:46:29.482288,Parramatta (NSW),United Australia Party,101.00
2022-01-27 15:46:29.482288,Paterson (NSW),United Australia Party,101.00
2022-01-27 15:46:29.482288,Reid (NSW),United Australia Party,101.00
2022-01-27 15:46:29.482288,Richmond (NSW),United Australia Party,101.00
2022-01-27 15:46:29.482288,Riverina (NSW),United Australia Party,101.00
2022-01-27 15:46:29.482288,Robertson (NSW),United Australia Party,101.00
2022-01-27 15:46:29.482288,Shortland (NSW),United Australia Party,101.00
2022-01-27 15:46:29.482288,Sydney (NSW),United Australia Party,101.00
2022-01-27 15:46:29.482288,Warringah (NSW),United Australia Party,101.00
2022-01-27 15:46:29.482288,Watson (NSW),United Australia Party,101.00
2022-01-27 15:46:29.482288,Wentworth (NSW),United Australia Party,101.00
2022-01-27 15:46:29.482288,Werriwa (NSW),United Australia Party,101.00
2022-01-27 15:46:29.482288,Whitlam (NSW),United Australia Party,101.00
2022-01-27 15:46:29.482288,Calare (NSW),United Australia Party,101.00
2022-01-27 15:46:29.482288,Aston (VIC),United Australia Party,101.00
2022-01-27 15:46:29.482288,Ballarat (VIC),United Australia Party,101.00
2022-01-27 15:46:29.482288,Bendigo (VIC),United Australia Party,101.00
2022-01-27 15:46:29.482288,Bruce (VIC),United Australia Party,101.00
2022-01-27 15:46:29.482288,Calwell (VIC),United Australia Party,101.00
2022-01-27 15:46:29.482288,Casey (VIC),United Australia Party,101.00
2022-01-27 15:46:29.482288,Chisholm (VIC),United Australia Party,101.00
2022-01-27 15:46:29.482288,Cooper (VIC),United Australia Party,101.00
2022-01-27 15:46:29.482288,Corangamite (VIC),United Australia Party,101.00
2022-01-27 15:46:29.482288,Corio (VIC),United Australia Party,101.00
2022-01-27 15:46:29.482288,Deakin (VIC),United Australia Party,101.00
2022-01-27 15:46:29.482288,Dunkley (VIC),United Australia Party,101.00
2022-01-27 15:46:29.482288,Flinders (VIC),United Australia Party,101.00
2022-01-27 15:46:29.482288,Fraser (VIC),United Australia Party,101.00
2022-01-27 15:46:29.482288,Gellibrand (VIC),United Australia Party,101.00
2022-01-27 15:46:29.482288,Gippsland (VIC),United Australia Party,101.00
2022-01-27 15:46:29.482288,Goldstein (VIC),United Australia Party,101.00
2022-01-27 15:46:29.482288,Gorton (VIC),United Australia Party,101.00
2022-01-27 15:46:29.482288,Hawke (VIC),United Australia Party,101.00
2022-01-27 15:46:29.482288,Higgins (VIC),United Australia Party,101.00
2022-01-27 15:46:29.482288,Holt (VIC),United Australia Party,101.00
2022-01-27 15:46:29.482288,Hotham (VIC),United Australia Party,101.00
2022-01-27 15:46:29.482288,Indi (VIC),United Australia Party,101.00
2022-01-27 15:46:29.482288,Isaacs (VIC),United Australia Party,101.00
2022-01-27 15:46:29.482288,Jagajaga (VIC),United Australia Party,101.00
2022-01-27 15:46:29.482288,Kooyong (VIC),United Australia Party,101.00
2022-01-27 15:46:29.482288,La Trobe (VIC),United Australia Party,101.00
2022-01-27 15:46:29.482288,Lalor (VIC),United Australia Party,101.00
2022-01-27 15:46:29.482288,Macnamara (VIC),United Australia Party,101.00
2022-01-27 15:46:29.482288,Mallee (VIC),United Australia Party,101.00
2022-01-27 15:46:29.482288,Maribyrnong (VIC),United Australia Party,101.00
2022-01-27 15:46:29.482288,McEwen (VIC),United Australia Party,101.00
2022-01-27 15:46:29.482288,Melbourne (VIC),United Australia Party,101.00
2022-01-27 15:46:29.482288,Menzies (VIC),United Australia Party,101.00
2022-01-27 15:46:29.482288,Monash (VIC),United Australia Party,101.00
2022-01-27 15:46:29.482288,Nicholls (VIC),United Australia Party,101.00
2022-01-27 15:46:29.482288,Scullin (VIC),United Australia Party,101.00
2022-01-27 15:46:29.482288,Wannon (VIC),United Australia Party,101.00
2022-01-27 15:46:29.482288,Wills (VIC),United Australia Party,101.00
2022-01-27 15:46:29.482288,Blair (QLD),United Australia Party,101.00
2022-01-27 15:46:29.482288,Bowman (QLD),United Australia Party,101.00
2022-01-27 15:46:29.482288,Bonner (QLD),United Australia Party,101.00
2022-01-27 15:46:29.482288,Brisbane (QLD),United Australia Party,101.00
2022-01-27 15:46:29.482288,Capriconia (QLD),United Australia Party,101.00
2022-01-27 15:46:29.482288,Dawson (QLD),United Australia Party,101.00
2022-01-27 15:46:29.482288,Dickson (QLD),United Australia Party,101.00
2022-01-27 15:46:29.482288,Fadden (QLD),United Australia Party,101.00
2022-01-27 15:46:29.482288,Fairfax (QLD),United Australia Party,101.00
2022-01-27 15:46:29.482288,Fisher (QLD),United Australia Party,101.00
2022-01-27 15:46:29.482288,Flynn (QLD),United Australia Party,101.00
2022-01-27 15:46:29.482288,Forde (QLD),United Australia Party,101.00
2022-01-27 15:46:29.482288,Griffith (QLD),United Australia Party,101.00
2022-01-27 15:46:29.482288,Groom (QLD),United Australia Party,101.00
2022-01-27 15:46:29.482288,Herbert (QLD),United Australia Party,101.00
2022-01-27 15:46:29.482288,Hinkler (QLD),United Australia Party,101.00
2022-01-27 15:46:29.482288,Kennedy (QLD),United Australia Party,101.00
2022-01-27 15:46:29.482288,Leichhardt (QLD),United Australia Party,101.00
2022-01-27 15:46:29.482288,Lilley (QLD),United Australia Party,101.00
2022-01-27 15:46:29.482288,Longman (QLD),United Australia Party,101.00
2022-01-27 15:46:29.482288,Maranoa (QLD),United Australia Party,101.00
2022-01-27 15:46:29.482288,McPherson (QLD),United Australia Party,101.00
2022-01-27 15:46:29.482288,Moncrieff (QLD),United Australia Party,101.00
2022-01-27 15:46:29.482288,Moreton (QLD),United Australia Party,101.00
2022-01-27 15:46:29.482288,Oxley (QLD),United Australia Party,101.00
2022-01-27 15:46:29.482288,Petrie (QLD),United Australia Party,101.00
2022-01-27 15:46:29.482288,Rankin (QLD),United Australia Party,101.00
2022-01-27 15:46:29.482288,Ryan (QLD),United Australia Party,101.00
2022-01-27 15:46:29.482288,Wide Bay (QLD),United Australia Party,101.00
2022-01-27 15:46:29.482288,Wright (QLD),United Australia Party,101.00
2022-01-27 15:46:29.482288,Brand (WA),United Australia Party,101.00
2022-01-27 15:46:29.482288,Burt (WA),United Australia Party,101.00
2022-01-27 15:46:29.482288,Canning (WA),United Australia Party,101.00
2022-01-27 15:46:29.482288,Cowan (WA),United Australia Party,101.00
2022-01-27 15:46:29.482288,Curtin (WA),United Australia Party,101.00
2022-01-27 15:46:29.482288,Durack (WA),United Australia Party,101.00
2022-01-27 15:46:29.482288,Forrest (WA),United Australia Party,101.00
2022-01-27 15:46:29.482288,Fremantle (WA),United Australia Party,101.00
2022-01-27 15:46:29.482288,Hasluck (WA),United Australia Party,101.00
2022-01-27 15:46:29.482288,Moore (WA),United Australia Party,101.00
2022-01-27 15:46:29.482288,O'Connor (WA),United Australia Party,101.00
2022-01-27 15:46:29.482288,Pearce (WA),United Australia Party,101.00
2022-01-27 15:46:29.482288,Perth (WA),United Australia Party,101.00
2022-01-27 15:46:29.482288,Swan (WA),United Australia Party,101.00
2022-01-27 15:46:29.482288,Tangney (WA),United Australia Party,101.00
2022-01-27 15:46:29.482288,Adelaide (SA),United Australia Party,101.00
2022-01-27 15:46:29.482288,Barker (SA),United Australia Party,101.00
2022-01-27 15:46:29.482288,Boothby (SA),United Australia Party,101.00
2022-01-27 15:46:29.482288,Grey (SA),United Australia Party,101.00
2022-01-27 15:46:29.482288,Kingston (SA),United Australia Party,101.00
2022-01-27 15:46:29.482288,Makin (SA),United Australia Party,101.00
2022-01-27 15:46:29.482288,Mayo (SA),United Australia Party,101.00
2022-01-27 15:46:29.482288,Spence (SA),United Australia Party,101.00
2022-01-27 15:46:29.482288,Sturt (SA),United Australia Party,101.00
2022-01-27 15:46:29.482288,Hindmarsh (SA),United Australia Party,101.00
2022-01-27 15:46:29.482288,Bass (TAS),United Australia Party,101.00
2022-01-27 15:46:29.482288,Clark (TAS),United Australia Party,101.00
2022-01-27 15:46:29.482288,Lyons (TAS),United Australia Party,101.00
2022-01-27 15:46:29.482288,Franklin (TAS),United Australia Party,101.00
2022-01-27 15:46:29.482288,Braddon (TAS),United Australia Party,101.00
2022-01-27 15:46:29.482288,Fenner (ACT),United Australia Party,101.00
2022-01-27 15:46:29.482288,Bean (ACT),United Australia Party,101.00
2022-01-27 15:46:29.482288,Canberra (ACT),United Australia Party,101.00
2022-01-27 15:46:29.482288,Lingiari (NT),United Australia Party,101.00
2022-01-27 15:46:29.482288,Solomon (NT),United Australia Party,101.00
2022-01-27 15:46:29.482288,Bradfield (NSW),Progressives,SUS
2022-01-27 15:46:29.482288,Swan (WA),Progressives,SUS
2022-01-27 15:46:29.482288,Makin (SA),Progressives,SUS
2022-01-27 15:46:29.482288,Eden-Monaro (NSW),Liberal Democrats,SUS
2022-01-27 15:46:29.482288,Swan (WA),Liberal Democrats,SUS
2022-01-27 15:46:29.482288,Gilmore (NSW),Animal Justice Party,SUS
2022-01-27 15:46:29.482288,Brisbane (QLD),Animal Justice Party,SUS
2022-01-27 15:46:29.482288,Gilmore (NSW),Shooters and Farmers Party,SUS
2022-01-27 15:46:29.482288,Watson (NSW),Shooters and Farmers Party,SUS
2022-01-27 15:46:29.482288,Greenway (NSW),National,SUS
2022-01-27 15:46:29.482288,Paterson (NSW),Independent 4,SUS
2022-01-27 15:46:29.482288,Calwell (VIC),Independent 4,51.00
2022-01-27 15:46:29.482288,Bonner (QLD),Independent 4,SUS
2022-01-27 15:46:29.482288,Swan (WA),Independent 4,SUS
2022-01-27 15:46:29.482288,Bonner (QLD),Independent 3,SUS
2022-01-27 15:46:29.482288,Kennedy (QLD),Katters Australia Party,1.01
2022-01-27 15:46:29.482288,Leichhardt (QLD),Socialist Alliance,SUS
2022-01-27 15:46:29.482288,Swan (WA),Socialist Alliance,SUS
2022-01-27 15:46:29.482288,Adelaide (SA),Socialist Alliance,SUS
2022-01-27 15:46:29.482288,Makin (SA),Socialist Alliance,SUS
2022-01-27 15:46:29.482288,Moore (WA),Independent 5,SUS
2022-01-27 15:46:29.482288,Swan (WA),Great Australian Party,SUS
2022-01-27 15:46:29.482288,Makin (SA),Great Australian Party,SUS
2022-01-27 15:46:29.482288,Swan (WA),Independent 2,SUS
2022-01-27 15:46:29.482288,Tangney (WA),Liberal,1.08
2022-01-27 15:46:29.482288,Adelaide (SA),Centre Alliance,34.00
2022-01-27 15:46:29.482288,Barker (SA),Centre Alliance,34.00
2022-01-27 15:46:29.482288,Boothby (SA),Centre Alliance,34.00
2022-01-27 15:46:29.482288,Grey (SA),Centre Alliance,34.00
2022-01-27 15:46:29.482288,Kingston (SA),Centre Alliance,34.00
2022-01-27 15:46:29.482288,Makin (SA),Centre Alliance,34.00
2022-01-27 15:46:29.482288,Mayo (SA),Centre Alliance,1.15
2022-01-27 15:46:29.482288,Spence (SA),Centre Alliance,34.00
2022-01-27 15:46:29.482288,Sturt (SA),Centre Alliance,34.00
2022-01-27 15:46:29.482288,Hindmarsh (SA),Centre Alliance,34.00
2022-01-27 15:46:29.482288,Bass (TAS),Jacqui Lambie Network,18.00
2022-01-27 15:46:29.482288,Clark (TAS),Jacqui Lambie Network,34.00
2022-01-27 15:46:29.482288,Lyons (TAS),Jacqui Lambie Network,21.00
2022-01-27 15:46:29.482288,Franklin (TAS),Jacqui Lambie Network,21.00
2022-01-27 15:46:29.482288,Braddon (TAS),Jacqui Lambie Network,18.00
